First Name,Last Name,Age,Email,Occupation
Fenton,Armstrong,21,f.armstrong@randatmail.com,Interior Designer
Adele,Warren,20,a.warren@randatmail.com,Firefighter
Violet,Wilson,29,v.wilson@randatmail.com,Cook
Tiana,Ryan,20,t.ryan@randatmail.com,Carpenter
Natalie,Tucker,28,n.tucker@randatmail.com,Baker
Mary,Mason,28,m.mason@randatmail.com,Veterinarian
Lana,Carroll,29,l.carroll@randatmail.com,Interpreter
Martin,Stevens,26,m.stevens@randatmail.com,Accountant
Cherry,Harper,25,c.harper@randatmail.com,Programmer
Brooke,Scott,20,b.scott@randatmail.com,Veterinarian
Emily,Chapman,22,e.chapman@randatmail.com,Meteorologist
Arnold,Howard,27,a.howard@randatmail.com,Mathematician
Alisa,Allen,25,a.allen@randatmail.com,Teacher
Rosie,Andrews,25,r.andrews@randatmail.com,Lawer
Sienna,Walker,24,s.walker@randatmail.com,Physicist
Chelsea,Johnston,29,c.johnston@randatmail.com,Carpenter
Rebecca,Harrison,25,r.harrison@randatmail.com,Electrician
Maximilian,Campbell,20,m.campbell@randatmail.com,Jeweller
Amelia,Harper,25,a.harper@randatmail.com,Scientist
Connie,Taylor,21,c.taylor@randatmail.com,Chef
Honey,Douglas,24,h.douglas@randatmail.com,Meteorologist
Abigail,Hamilton,30,a.hamilton@randatmail.com,Florist
Justin,Reed,21,j.reed@randatmail.com,Chemist
Carlos,Richards,30,c.richards@randatmail.com,Biochemist
Lyndon,Scott,30,l.scott@randatmail.com,Meteorologist
Adison,Morris,28,a.morris@randatmail.com,Cook
Michelle,Bennett,23,m.bennett@randatmail.com,Driver
Jacob,Ferguson,23,j.ferguson@randatmail.com,Hairdresser
Bruce,Morrison,24,b.morrison@randatmail.com,Engineer
Alina,Stevens,25,a.stevens@randatmail.com,Graphic Designer
Eddy,Watson,23,e.watson@randatmail.com,Biochemist
Ned,Phillips,26,n.phillips@randatmail.com,Manager
Kevin,Morris,26,k.morris@randatmail.com,Electrician
Evelyn,Walker,27,e.walker@randatmail.com,Aeroplane Pilot
James,Kelley,30,j.kelley@randatmail.com,Dancer
Kirsten,Craig,29,k.craig@randatmail.com,Architect
Preston,Jones,30,p.jones@randatmail.com,Medic
Wilson,Hunt,23,w.hunt@randatmail.com,Interior Designer
Dale,Foster,23,d.foster@randatmail.com,Agronomist
Richard,Richardson,26,r.richardson@randatmail.com,Lecturer
Kate,Murphy,24,k.murphy@randatmail.com,Archeologist
Chelsea,Taylor,22,c.taylor@randatmail.com,Baker
Tara,Mitchell,23,t.mitchell@randatmail.com,Pharmacist
Chloe,Craig,26,c.craig@randatmail.com,Engineer
Aida,Harris,26,a.harris@randatmail.com,Electrician
Arianna,Allen,22,a.allen@randatmail.com,Baker
Thomas,Andrews,19,t.andrews@randatmail.com,Chemist
Grace,Roberts,26,g.roberts@randatmail.com,Veterinarian
Fenton,Barrett,20,f.barrett@randatmail.com,Interior Designer
Tony,Lloyd,21,t.lloyd@randatmail.com,Agronomist
Jenna,Jones,19,j.jones@randatmail.com,Astronomer
Wilson,Anderson,29,w.anderson@randatmail.com,Social Worker
Olivia,Morrison,27,o.morrison@randatmail.com,Fashion Designer
Elise,Brown,27,e.brown@randatmail.com,Jeweller
Evelyn,Hill,29,e.hill@randatmail.com,Biochemist
Amber,Farrell,27,a.farrell@randatmail.com,Electrician
Lucy,Craig,19,l.craig@randatmail.com,Scientist
Alexander,Adams,20,a.adams@randatmail.com,Composer
Alexander,Ross,19,a.ross@randatmail.com,Dancer
Adam,Thompson,23,a.thompson@randatmail.com,Astronomer
Jacob,Jones,30,j.jones@randatmail.com,Pharmacist
William,Farrell,20,w.farrell@randatmail.com,Pharmacist
Ryan,Nelson,30,r.nelson@randatmail.com,Meteorologist
Oliver,Murray,30,o.murray@randatmail.com,Historian
Antony,Gray,23,a.gray@randatmail.com,Florist
Daniel,Russell,18,d.russell@randatmail.com,Dancer
Carlos,Williams,23,c.williams@randatmail.com,Driver
Madaline,Owens,20,m.owens@randatmail.com,Composer
Ashton,Hall,23,a.hall@randatmail.com,Photographer
Victor,Casey,29,v.casey@randatmail.com,Actor
Brad,West,26,b.west@randatmail.com,Scientist
Amanda,Anderson,26,a.anderson@randatmail.com,Pharmacist
Naomi,Hunt,18,n.hunt@randatmail.com,Agronomist
Justin,Riley,24,j.riley@randatmail.com,Mathematician
Eric,Ferguson,18,e.ferguson@randatmail.com,Scientist
Vivian,Montgomery,22,v.montgomery@randatmail.com,Programmer
Alberta,Richardson,20,a.richardson@randatmail.com,Composer
Honey,Sullivan,25,h.sullivan@randatmail.com,Geologist
Daryl,Murray,27,d.murray@randatmail.com,Archeologist
Chester,Martin,30,c.martin@randatmail.com,Dancer
Edwin,Richards,28,e.richards@randatmail.com,Chef
Sophia,West,24,s.west@randatmail.com,Pharmacist
Alexander,Dixon,24,a.dixon@randatmail.com,Cook
Ted,Ellis,23,t.ellis@randatmail.com,Interpreter
Natalie,Reed,27,n.reed@randatmail.com,Aeroplane Pilot
Alford,Craig,20,a.craig@randatmail.com,Astronomer
Marcus,Taylor,23,m.taylor@randatmail.com,Accountant
Michael,Casey,30,m.casey@randatmail.com,Programmer
Lucy,Spencer,24,l.spencer@randatmail.com,Teacher
Gianna,Spencer,23,g.spencer@randatmail.com,Dancer
Miley,Hunt,24,m.hunt@randatmail.com,Accountant
Evelyn,Fowler,23,e.fowler@randatmail.com,Carpenter
Clark,Davis,23,c.davis@randatmail.com,Lecturer
James,Clark,26,j.clark@randatmail.com,Social Worker
Sofia,Adams,23,s.adams@randatmail.com,Dancer
Amber,Richardson,29,a.richardson@randatmail.com,Historian
Natalie,Chapman,30,n.chapman@randatmail.com,Scientist
Steven,Sullivan,20,s.sullivan@randatmail.com,Driver
Frederick,Morrison,25,f.morrison@randatmail.com,Geologist
Rubie,Richardson,25,r.richardson@randatmail.com,Historian
